Nizampur Kumbra,Kumbra B.O,140308,Chandigarh,CHANDIGARH,CHANDIGARH
Bhabhat,Babhat B.O,140603,Chandigarh,CHANDIGARH,CHANDIGARH
Khuda Jassu,Kuda Jassu B.O,140901,Chandigarh,CHANDIGARH,CHANDIGARH
Khuda Jassu,Mullanpur S.O,140901,Chandigarh,CHANDIGARH,CHANDIGARH
Lahora,Mullanpur S.O,140901,Chandigarh,CHANDIGARH,CHANDIGARH
Sarangpur,Mullanpur S.O,140901,Chandigarh,CHANDIGARH,CHANDIGARH
Chandigarh,New Sectt Chandigarh S.O,160001,Chandigarh,CHANDIGARH,CHANDIGARH
Chandigarh,High Court S.O (Chandigarh),160001,Chandigarh,CHANDIGARH,CHANDIGARH
Chandigarh,Vidhansadan S.O,160001,Chandigarh,CHANDIGARH,CHANDIGARH
Bair Majra,Hallomajra B.O,160002,Chandigarh,CHANDIGARH,CHANDIGARH
Chandigarh,Ram Darbar S.O,160002,Chandigarh,CHANDIGARH,CHANDIGARH
Chandigarh,Ind Area Chandigarh S.O,160002,Chandigarh,CHANDIGARH,CHANDIGARH
Hallo Majra,Hallomajra B.O,160002,Chandigarh,CHANDIGARH,CHANDIGARH
Raipur Khurd,Behlana B.O,160003,Chandigarh,CHANDIGARH,CHANDIGARH
Chandigarh,Aerodrome S.O,160003,Chandigarh,CHANDIGARH,CHANDIGARH
Behlana,Behlana B.O,160003,Chandigarh,CHANDIGARH,CHANDIGARH
Chandigarh,Airforce Highground S.O,160004,Chandigarh,CHANDIGARH,CHANDIGARH
Chandigarh,Sector 9 (Chandigarh) S.O,160009,Chandigarh,CHANDIGARH,CHANDIGARH
Chandigarh,Sector 8(Chandgarh) S.O,160009,Chandigarh,CHANDIGARH,CHANDIGARH
Chandigarh,Sector 10 (Chandigarh) S.O,160011,Chandigarh,CHANDIGARH,CHANDIGARH
Chandigarh,Sector 11( Chandigarh) S.O,160011,Chandigarh,CHANDIGARH,CHANDIGARH
Chandigarh,Engg College S.O,160012,Chandigarh,CHANDIGARH,CHANDIGARH
Chandigarh,Sector 12 (Chandigarh) S.O,160012,Chandigarh,CHANDIGARH,CHANDIGARH
Dadu Majra,Dadu Majra Colony S.O,160014,Chandigarh,CHANDIGARH,CHANDIGARH
Dhanas,Sector 14 (Chandigarh) S.O,160014,Chandigarh,CHANDIGARH,CHANDIGARH
Dadu Majra,Sector 14 (Chandigarh) S.O,160014,Chandigarh,CHANDIGARH,CHANDIGARH
Dhanas,Dhanas B.O,160014,Chandigarh,CHANDIGARH,CHANDIGARH
Chandigarh,Sector 14 (Chandigarh) S.O,160014,Chandigarh,CHANDIGARH,CHANDIGARH
Chandigarh,Sector 16 (Chandigarh) S.O,160015,Chandigarh,CHANDIGARH,CHANDIGARH
Chandigarh,Sector 15 Chandigarh S.O,160015,Chandigarh,CHANDIGARH,CHANDIGARH
Chandigarh,Chandigarh G.P.O.,160017,Chandigarh,CHANDIGARH,CHANDIGARH
Chandigarh,Govt Press Chandigarh S.O,160018,Chandigarh,CHANDIGARH,CHANDIGARH
Chandigarh,Sector 18 (Chandigarh) S.O,160018,Chandigarh,CHANDIGARH,CHANDIGARH
Chandigarh,Sector 27(Chandigarh)S.O,160019,Chandigarh,CHANDIGARH,CHANDIGARH
Chandigarh,Raj Bhawan S.O (Chandigarh),160019,Chandigarh,CHANDIGARH,CHANDIGARH
Chandigarh,Sector 19 (Chandigarh) S.O,160019,Chandigarh,CHANDIGARH,CHANDIGARH
Chandigarh,Sector 26 (Chandigarh) S.O,160019,Chandigarh,CHANDIGARH,CHANDIGARH
Chandigarh,Sector 20 (Chandigarh) S.O,160020,Chandigarh,CHANDIGARH,CHANDIGARH
Chandigarh,Sector 22 (Chandigarh) S.O,160022,Chandigarh,CHANDIGARH,CHANDIGARH
Chandigarh,Sector 34(Chandigarh) S.O,160022,Chandigarh,CHANDIGARH,CHANDIGARH
Chandigarh,Sector 35 (Chandigarh) S.O,160022,Chandigarh,CHANDIGARH,CHANDIGARH
Chandigarh,Sector 21 (Chandigarh) S.O,160022,Chandigarh,CHANDIGARH,CHANDIGARH
Chandigarh,Sector 23 ( Chandigarh) S.O,160023,Chandigarh,CHANDIGARH,CHANDIGARH
Maloya,Maloya Colony S.O,160025,Chandigarh,CHANDIGARH,CHANDIGARH
Chandigarh,Sector 30 (Chandigarh) S.O,160030,Chandigarh,CHANDIGARH,CHANDIGARH
Chandigarh,Sector 29 (Chandigarh) S.O,160030,Chandigarh,CHANDIGARH,CHANDIGARH
Chandigarh,Sector 31 (Chandigarh) S.O,160030,Chandigarh,CHANDIGARH,CHANDIGARH
Chandigarh,Sector 40 (Chandigarh) S.O,160036,Chandigarh,CHANDIGARH,CHANDIGARH
Chandigarh,Badheri B.O,160036,Chandigarh,CHANDIGARH,CHANDIGARH
Chandigarh,Sector 36 (Chandigarh) S.O,160036,Chandigarh,CHANDIGARH,CHANDIGARH
Kujheri,Badheri B.O,160036,Chandigarh,CHANDIGARH,CHANDIGARH
Chandigarh,"District Court Sector-43, Chandigar",160043,Chandigarh,CHANDIGARH,CHANDIGARH
Chandigarh,Sector 47 Chandigarh S.O,160047,Chandigarh,CHANDIGARH,CHANDIGARH
Chandigarh,Sector 44 (Chandigarh) S.O,160047,Chandigarh,CHANDIGARH,CHANDIGARH
Burail ®,Sector 47 Chandigarh S.O,160047,Chandigarh,CHANDIGARH,CHANDIGARH
Chandigarh,Burail B.O,160047,Chandigarh,CHANDIGARH,CHANDIGARH
Palsaura,Chandigarh Sector 55 S.O,160055,Chandigarh,CHANDIGARH,CHANDIGARH
Mani Majra (R),Manimajra S.O,160101,Chandigarh,CHANDIGARH,CHANDIGARH
BHAGWANPURA,Kishangarh B.O,160101,Chandigarh,CHANDIGARH,CHANDIGARH
MAKHAN MAJRA,Daria B.O,160101,Chandigarh,CHANDIGARH,CHANDIGARH
Chandigarh,Mhc Manimajra S.O,160101,Chandigarh,CHANDIGARH,CHANDIGARH
Daria,Daria B.O,160101,Chandigarh,CHANDIGARH,CHANDIGARH
Kishangarh,Kishangarh B.O,160101,Chandigarh,CHANDIGARH,CHANDIGARH
Mauli Jagran,Mauli Jagran S.O,160102,Chandigarh,CHANDIGARH,CHANDIGARH
Raipur Kalan,Raipur Kalan B.O,160102,Chandigarh,CHANDIGARH,CHANDIGARH
Raipur Kalan,Mauli Jagran S.O,160102,Chandigarh,CHANDIGARH,CHANDIGARH
Khuda Alisher,Naya Gaon S.O (Mohali),160103,Chandigarh,CHANDIGARH,CHANDIGARH
Kaimbwala,Naya Gaon S.O (Mohali),160103,Chandigarh,CHANDIGARH,CHANDIGARH
